{
    "tumble": [
        {
            "0": [
                0.5750000000000001,
                0.2
            ],
            "1": [
                0.5750000000000001,
                0.3333333333333333
            ],
            "11": [
                0.65,
                0.5666666666666667
            ],
            "12": [
                0.6000000000000001,
                0.5666666666666667
            ],
            "13": [
                0.47500000000000003,
                0.7333333333333333
            ],
            "14": [
                0.55,
                0.2
            ],
            "15": [
                0.6000000000000001,
                0.2
            ],
            "16": [
                0.525,
                0.23333333333333334
            ],
            "17": [
                0.625,
                0.2
            ],
            "2": [
                0.525,
                0.36666666666666664
            ],
            "3": [
                0.45,
                0.5
            ],
            "4": [
                0.4,
                0.6
            ],
            "5": [
                0.675,
                0.3333333333333333
            ],
            "6": [
                0.75,
                0.43333333333333335
            ],
            "7": [
                0.8250000000000001,
                0.5
            ],
            "8": [
                0.5750000000000001,
                0.5666666666666667
            ],
            "9": [
                0.55,
                0.5666666666666667
            ]
        },
        {
            "0": [
                0.2,
                0.43333333333333335
            ],
            "1": [
                0.2,
                0.5
            ],
            "10": [
                0.55,
                0.9
            ],
            "11": [
                0.30000000000000004,
                0.6666666666666666
            ],
            "12": [
                0.42500000000000004,
                0.7
            ],
            "14": [
                0.17500000000000002,
                0.43333333333333335
            ],
            "15": [
                0.225,
                0.43333333333333335
            ],
            "16": [
                0.15000000000000002,
                0.43333333333333335
            ],
            "17": [
                0.25,
                0.43333333333333335
            ],
            "2": [
                0.125,
                0.5
            ],
            "3": [
                0.025,
                0.5666666666666667
            ],
            "4": [
                0.1,
                0.4666666666666667
            ],
            "5": [
                0.275,
                0.4666666666666667
            ],
            "6": [
                0.35000000000000003,
                0.4
            ],
            "7": [
                0.275,
                0.36666666666666664
            ],
            "8": [
                0.25,
                0.7
            ],
            "9": [
                0.45,
                0.7
            ]
        },
        {
            "0": [
                0.2,
                0.43333333333333335
            ],
            "1": [
                0.2,
                0.5
            ],
            "10": [
                0.55,
                0.9333333333333333
            ],
            "11": [
                0.30000000000000004,
                0.6666666666666666
            ],
            "12": [
                0.525,
                0.6333333333333333
            ],
            "13": [
                0.55,
                0.9666666666666667
            ],
            "14": [
                0.17500000000000002,
                0.43333333333333335
            ],
            "15": [
                0.225,
                0.43333333333333335
            ],
            "16": [
                0.15000000000000002,
                0.43333333333333335
            ],
            "17": [
                0.25,
                0.43333333333333335
            ],
            "2": [
                0.125,
                0.5
            ],
            "3": [
                0.025,
                0.5666666666666667
            ],
            "4": [
                0.1,
                0.4666666666666667
            ],
            "5": [
                0.275,
                0.4666666666666667
            ],
            "6": [
                0.35000000000000003,
                0.4
            ],
            "7": [
                0.275,
                0.36666666666666664
            ],
            "8": [
                0.25,
                0.7
            ],
            "9": [
                0.47500000000000003,
                0.7666666666666666
            ]
        },
        {
            "0": [
                0.47500000000000003,
                0.5333333333333333
            ],
            "1": [
                0.45,
                0.5666666666666667
            ],
            "10": [
                0.125,
                0.8333333333333334
            ],
            "11": [
                0.375,
                0.7
            ],
            "12": [
                0.375,
                0.8333333333333334
            ],
            "14": [
                0.47500000000000003,
                0.5
            ],
            "15": [
                0.5,
                0.5
            ],
            "16": [
                0.45,
                0.5
            ],
            "17": [
                0.5,
                0.5333333333333333
            ],
            "2": [
                0.4,
                0.5333333333333333
            ],
            "3": [
                0.325,
                0.5666666666666667
            ],
            "4": [
                0.375,
                0.6
            ],
            "5": [
                0.47500000000000003,
                0.6
            ],
            "6": [
                0.45,
                0.7
            ],
            "7": [
                0.45,
                0.7333333333333333
            ],
            "8": [
                0.325,
                0.6333333333333333
            ],
            "9": [
                0.25,
                0.7
            ]
        },
        {
            "0": [
                0.4,
                0.4666666666666667
            ],
            "1": [
                0.375,
                0.5333333333333333
            ],
            "10": [
                0.4,
                0.9666666666666667
            ],
            "11": [
                0.35000000000000003,
                0.6666666666666666
            ],
            "12": [
                0.47500000000000003,
                0.8333333333333334
            ],
            "14": [
                0.4,
                0.43333333333333335
            ],
            "15": [
                0.42500000000000004,
                0.4666666666666667
            ],
            "16": [
                0.375,
                0.43333333333333335
            ],
            "17": [
                0.42500000000000004,
                0.4666666666666667
            ],
            "2": [
                0.325,
                0.4666666666666667
            ],
            "3": [
                0.275,
                0.5333333333333333
            ],
            "4": [
                0.325,
                0.5666666666666667
            ],
            "5": [
                0.4,
                0.5666666666666667
            ],
            "6": [
                0.4,
                0.6333333333333333
            ],
            "7": [
                0.4,
                0.6666666666666666
            ],
            "8": [
                0.30000000000000004,
                0.6666666666666666
            ],